FORMULA,IDENTIFIER: Sample number,IDENTIFIER: Point,IDENTIFIER: Row,IDENTIFIER: Column,PROPERTY: Cubic lattice constant ($\r{A}$),PROPERTY: Film thickness ($\mu$m),PROPERTY: FWHM of 110 peak ($\degree$),PROPERTY: FWHM of 111 peak ($\degree$),PROPERTY: FWHM of 200 peak ($\degree$),PROPERTY: Max intensity of 110 peak (counts),PROPERTY: Max intensity of 111 peak (counts),PROPERTY: Max intensity of 200 peak (counts),PROPERTY: Position of 110 peak ($\degree$),PROPERTY: Position of 111 peak ($\degree$),PROPERTY: Position of 200 peak ($\degree$),IDENTIFIER: X position (mm),IDENTIFIER: Y position (mm),PROPERTY: A_avg_X,PROPERTY: A_avg_at_radius,PROPERTY: A_avg_ion_radius,PROPERTY: A_avg_mass,PROPERTY: B_avg_X,PROPERTY: B_avg_at_radius,PROPERTY: B_avg_ion_radius,PROPERTY: B_avg_mass,PROPERTY: AB_site_ratio,PROPERTY: AB_X_ratio,PROPERTY: AB_at_radius_ratio,PROPERTY: AB_ion_radius_ratio,PROPERTY: AB_mass_ratio,IDENTIFIER: Date,PREPARATION STEP NAME,PREPARATION STEP DETAIL: Targets used,PREPARATION STEP DETAIL: Laser Energy (mJ),PREPARATION STEP DETAIL: Laser Voltage (kV),PREPARATION STEP DETAIL: Temperature ($^{\circ}$C),PREPARATION STEP DETAIL: Temperature Gradient,PREPARATION STEP DETAIL: Number of Cycles,PREPARATION STEP DETAIL: Laser Pulse Frequency,PREPARATION STEP DETAIL: Deposition Pressure (mTorr),PREPARATION STEP DETAIL: Substrate,PREPARATION STEP DETAIL: BZC19 Pulses/Cycle,PREPARATION STEP DETAIL: BZC91 Pulses/Cycle,PREPARATION STEP DETAIL: BZF19 Pulses/Cycle,PREPARATION STEP DETAIL: BZY82 Pulses/Cycle,PREPARATION STEP DETAIL: BZYCF1135 Pulses/Cycle,PREPARATION STEP DETAIL: BZYF631 Pulses/Cycle,PREPARATION STEP DETAIL: B12ZY82 Pulses/Cycle,PREPARATION STEP DETAIL: Average Target Pulses/Cycle,PREPARATION STEP DETAIL: BZC19 Substrate Angle,PREPARATION STEP DETAIL: BZC91 Substrate Angle,PREPARATION STEP DETAIL: BZF19 Substrate Angle,PREPARATION STEP DETAIL: BZY82 Substrate Angle,PREPARATION STEP DETAIL: BZYCF1135 Substrate Angle,PREPARATION STEP DETAIL: BZYF631 Substrate Angle,PREPARATION STEP DETAIL: B12ZY82 Substrate Angle
Ba0.83936Co0.65681Fe0.02592Y0.0684Zr0.24886O3,01502,1,1,1,4.0880790000000005,0.33460999,0.49656796,,,494.9024,,,30.896833,,,203.53,44.14399,0.8899989863524024,2.149997551300747,1.4899983029944714,137.3268435941757,1.6966682,1.4318345,0.8119014166666667,68.93857898795,0.839360955973277,0.524556885283995,1.5015684782708807,1.8351960871207635,1.9920173233941987,4_Apr_2018,Pulsed Laser Deposition,BZYF631/ BZYCF1135/ BZC19,550.0,19.3,850,N,1000.0,20,50.0,SiO2,0,0,40,0,5,13,0,19.333333333333332,0,0,240,0,120,0,0
Ba0.84811Co0.66947Fe0.02596Y0.06542Zr0.23915O3,01502,2,1,2,4.0851502,0.36822999,0.54055166,,,363.8161,,,30.919537,,,207.528,44.14399,0.8899959025805226,2.1499901017394647,1.4899931402752569,137.32636776817463,1.7039923000000001,1.4285670000000001,0.8102128166666667,68.53618256365,0.8481139045825076,0.5223004250550443,1.5049977367106089,1.8390145275722807,2.003706110135894,4_Apr_2018,Pulsed Laser Deposition,BZYF631/ BZYCF1135/ BZC19,550.0,19.3,850,N,1000.0,20,50.0,SiO2,0,0,40,0,5,13,0,19.333333333333332,0,0,240,0,120,0,0
Ba0.8581Co0.68556Fe0.02375Y0.05678Zr0.2339O3,01502,3,1,3,4.0831547,0.39534,0.49849188,,,464.64215,,,30.935024,,,211.528,44.14399,0.889996821535206,2.1499923216861716,1.4899946787499514,137.32650956288228,1.7126739,1.423505,0.807190675,68.1139276772,0.8581030645509892,0.519653403683682,1.510351085304352,1.8459017489888017,2.016129655797988,4_Apr_2018,Pulsed Laser Deposition,BZYF631/ BZYCF1135/ BZC19,550.0,19.3,850,N,1000.0,20,50.0,SiO2,0,0,40,0,5,13,0,19.333333333333332,0,0,240,0,120,0,0
Ba0.84228Co0.68629Fe0.02287Y0.06165Zr0.22919O3,01502,4,1,4,4.0823183,0.42539999,0.51004982,,,826.3031,,,30.941521,,,215.524,44.14399,0.8900040745186659,2.15000984293835,1.4900068213851823,137.32762869823014,1.712113,1.4247239999999999,0.8080155583333333,68.11111175904999,0.8422761439664377,0.5198278819906548,1.5090711203983018,1.8440323407368164,2.016229439684389,4_Apr_2018,Pulsed Laser Deposition,BZYF631/ BZYCF1135/ BZC19,550.0,19.3,850,N,1000.0,20,50.0,SiO2,0,0,40,0,5,13,0,19.333333333333332,0,0,240,0,120,0,0
Ba0.86095Co0.70163Fe0.02154Y0.05037Zr0.22646O3,01502,5,1,5,4.0803657,0.44914001,0.50535452,0.50058514,,1567.6174,495.15204000000006,,30.956699,38.136093,,219.52199,44.14399,0.8899982258930691,2.1499957142360655,1.4899970298659246,137.32672625530054,1.7211257999999998,1.4190355,0.8045889666666668,67.68897361235,0.8609517162027044,0.5171023674696348,1.5151105904229074,1.851873554814996,2.028790199150619,4_Apr_2018,Pulsed Laser Deposition,BZYF631/ BZYCF1135/ BZC19,550.0,19.3,850,N,1000.0,20,50.0,SiO2,0,0,40,0,5,13,0,19.333333333333332,0,0,240,0,120,0,0
Ba0.85617Co0.70677Fe0.02152Y0.05193Zr0.21978O3,01502,6,1,6,4.077697799999999,0.46675,0.52229095,0.48007903,,2765.0027,965.2362099999999,,30.977460999999998,38.169003000000004,,223.51997000000003,44.14399,0.8899967719722793,2.149992201955506,1.4899945957738159,137.3265019153227,1.7237711999999998,1.4184005000000002,0.80439875,67.52009014065,0.8561731053376603,0.5163079485098019,1.5157864100834044,1.8523084425153766,2.0338613534025223,4_Apr_2018,Pulsed Laser Deposition,BZYF631/ BZYCF1135/ BZC19,550.0,19.3,850,N,1000.0,20,50.0,SiO2,0,0,40,0,5,13,0,19.333333333333332,0,0,240,0,120,0,0
Ba0.86187Co0.71585Fe0.02051Y0.0442Zr0.21944O3,01502,7,1,7,4.077403100000001,0.47617,0.53223181,0.43384933,,3501.3411,1769.0153,,30.979757,38.17009,,227.51799,44.14399,0.8899973919360928,2.1499936996208984,1.4899956336907623,137.32659757573913,1.7291105,1.4148035,0.8021825916666667,67.28054172075001,0.8618725256389064,0.5147140058059291,1.519641207857415,1.857427036150274,2.0411042191918947,4_Apr_2018,Pulsed Laser Deposition,BZYF631/ BZYCF1135/ BZC19,550.0,19.3,850,N,1000.0,20,50.0,SiO2,0,0,40,0,5,13,0,19.333333333333332,0,0,240,0,120,0,0
Ba0.85214Co0.72223Fe0.01982Y0.04858Zr0.20938O3,01502,8,1,8,4.0785856,0.47609001,0.57529777,0.44367272,,3496.6545,2397.3223,,30.970546999999996,38.159977000000005,,231.51597999999998,44.14399,0.8899951772613311,2.14998834956389,1.4899919259768353,137.3262558514234,1.731806,1.4147415000000003,0.8023999333333334,67.08969663785,0.852144617607639,0.5139115912875525,1.5197040233596664,1.8569193043014152,2.046905303398675,4_Apr_2018,Pulsed Laser Deposition,BZYF631/ BZYCF1135/ BZC19,550.0,19.3,850,N,1000.0,20,50.0,SiO2,0,0,40,0,5,13,0,19.333333333333332,0,0,240,0,120,0,0
Ba0.8608Co0.73193Fe0.0183Y0.04587Zr0.2039O3,01502,9,1,9,4.0836697,0.46342999,0.47674039,0.45461249,,5074.3164,1647.5929,,30.931026,38.113258,,235.51398999999998,44.14399,0.8900002698921223,2.1500006519865877,1.4900004518418677,137.32704164435447,1.7366658,1.4123364999999999,0.8010257666666668,66.83562185585,0.8607997389628445,0.5124764188320645,1.5223005650470607,1.8601155091954813,2.0546983454502636,4_Apr_2018,Pulsed Laser Deposition,BZYF631/ BZYCF1135/ BZC19,550.0,19.3,850,N,1000.0,20,50.0,SiO2,0,0,40,0,5,13,0,19.333333333333332,0,0,240,0,120,0,0
Ba0.85258Co0.73958Fe0.0184Y0.03981Zr0.20221O3,01502,10,1,10,4.0882859,0.44728999999999997,0.45500931,0.44860259,,5298.9287,1543.6189,,30.895227000000002,38.058586,,239.51398999999998,44.14399,0.8899980483175138,2.1499952852614097,1.489996732576512,137.32669885539238,1.7415899,1.4092765000000003,0.7992329666666667,66.5991072866,0.8525818696282056,0.5110261883796604,1.525602169099825,1.8642833750849768,2.061990084407979,4_Apr_2018,Pulsed Laser Deposition,BZYF631/ BZYCF1135/ BZC19,550.0,19.3,850,N,1000.0,20,50.0,SiO2,0,0,40,0,5,13,0,19.333333333333332,0,0,240,0,120,0,0
Ba0.87377Co0.74606Fe0.02056Y0.03474Zr0.19864O3,01502,11,1,11,4.0864968,0.41845,0.45013806,0.39191738,,4692.6934,1646.2926,,30.909094,38.079395,,243.50999,44.14399,0.8899998903413792,2.149999735094343,1.489999816414219,137.3269830796748,1.7467915999999997,1.406389,0.7977101666666666,66.3251972507,0.8737701076589045,0.5095054786967027,1.5287375932934224,1.8678460908181385,2.070509983718525,4_Apr_2018,Pulsed Laser Deposition,BZYF631/ BZYCF1135/ BZC19,550.0,19.3,850,N,1000.0,20,50.0,SiO2,0,0,40,0,5,13,0,19.333333333333332,0,0,240,0,120,0,0
Ba0.8404Co0.62838Fe0.02708Y0.07841Zr0.26614O3,01502,12,2,1,,0.38350999,,,,,,,,,,203.53,31.646,0.889998381916242,2.149996091145978,1.4899972910732593,137.32675032967614,1.6805371999999998,1.43988,0.8163178000000001,69.7941867326,0.8404015279101825,0.529591598398561,1.493177272512972,1.8252662027867812,1.9675958236437552,4_Apr_2018,Pulsed Laser Deposition,BZYF631/ BZYCF1135/ BZC19,550.0,19.3,850,N,1000.0,20,50.0,SiO2,0,0,40,0,5,13,0,19.333333333333332,0,0,240,0,120,0,0
Ba0.82791Co0.64133Fe0.02735Y0.07064Zr0.26068O3,01502,13,2,2,,0.42036,,,,,,,,,,207.52998,31.646,0.8899980549488979,2.1499953012810455,1.4899967436784922,137.32669987861496,1.6886360999999996,1.4352915,0.8137214916666669,69.38356826335,0.8279118093604239,0.5270514203438492,1.497950277892014,1.8310893333131417,1.9792395132718201,4_Apr_2018,Pulsed Laser Deposition,BZYF631/ BZYCF1135/ BZC19,550.0,19.3,850,N,1000.0,20,50.0,SiO2,0,0,40,0,5,13,0,19.333333333333332,0,0,240,0,120,0,0
Ba0.833Co0.65032Fe0.0266Y0.06922Zr0.25385O3,01502,14,2,3,,0.45585999,,,,,,,,,,211.52598999999998,31.646,0.8899981044344748,2.1499954208248546,1.489996826525132,137.32670751423947,1.6933485000000001,1.4332355,0.8126388333333334,69.12218770940001,0.8330017741679163,0.5255847242516675,1.5000991957182574,1.8335289496483558,1.98672397481951,4_Apr_2018,Pulsed Laser Deposition,BZYF631/ BZYCF1135/ BZC19,550.0,19.3,850,N,1000.0,20,50.0,SiO2,0,0,40,0,5,13,0,19.333333333333332,0,0,240,0,120,0,0
Ba0.83767Co0.65755Fe0.02626Y0.06802Zr0.24818O3,01502,15,2,4,,0.49008,,,,,,,,,,215.524,31.646,0.8899955747874978,2.1499893098799103,1.4899925914981704,137.32631718971092,1.6973135999999998,1.4315715,0.8117798333333334,68.90536030924999,0.8376741650406606,0.5243554136298076,1.501838580804319,1.8354639156037633,1.9929700182015588,4_Apr_2018,Pulsed Laser Deposition,BZYF631/ BZYCF1135/ BZC19,550.0,19.3,850,N,1000.0,20,50.0,SiO2,0,0,40,0,5,13,0,19.333333333333332,0,0,240,0,120,0,0
Ba0.84198Co0.67109Fe0.02436Y0.05977Zr0.24479O3,01502,16,2,5,4.0800184999999995,0.5149199999999999,0.47280499,,,537.56244,,,30.959397999999997,,,219.52199,31.646,0.8899963610614916,2.1499912093058504,1.4899939078445197,137.32643851178815,1.7047181,1.427086,0.8090679166666668,68.55448764705,0.8419834426134525,0.5220783196127803,1.5065603679847257,1.8416178384420996,2.0031721222804224,4_Apr_2018,Pulsed Laser Deposition,BZYF631/ BZYCF1135/ BZC19,550.0,19.3,850,N,1000.0,20,50.0,SiO2,0,0,40,0,5,13,0,19.333333333333332,0,0,240,0,120,0,0
Ba0.84484Co0.67721Fe0.02573Y0.06119Zr0.23587O3,01502,17,2,6,4.0792603,0.53262001,0.50027049,0.56908697,,1935.9067,543.49091,,30.9653,38.156918,,223.52199,31.646,0.8899963525812274,2.149991188819819,1.4899938936472235,137.32643720328338,1.7085995999999999,1.425996,0.8087436416666667,68.30419467745,0.8448434623571961,0.5208922866312432,1.5077119352507433,1.8423562385932701,2.01051250002689,4_Apr_2018,Pulsed Laser Deposition,BZYF631/ BZYCF1135/ BZC19,550.0,19.3,850,N,1000.0,20,50.0,SiO2,0,0,40,0,5,13,0,19.333333333333332,0,0,240,0,120,0,0
Ba0.84549Co0.6924Fe0.02358Y0.05459Zr0.22943O3,01502,18,2,7,4.0782156,0.54101002,0.52030218,0.47370261,,3454.1414,1395.3167,,30.973431,38.169258,,227.51799,31.646,0.8899967015613911,2.1499920318617876,1.4899944778949132,137.32649105092264,1.7166051,1.4216305000000002,0.8061793500000001,67.9050619895,0.8454931334912303,0.5184632747283525,1.5123423645326877,1.8482171217793077,2.022330692697948,4_Apr_2018,Pulsed Laser Deposition,BZYF631/ BZYCF1135/ BZC19,550.0,19.3,850,N,1000.0,20,50.0,SiO2,0,0,40,0,5,13,0,19.333333333333332,0,0,240,0,120,0,0
Ba0.85281Co0.6988Fe0.02387Y0.05291Zr0.22443O3,01502,19,2,8,4.0779276,0.53439999,0.55623418,0.45872369,,3973.1382,2236.0842,,30.975671999999996,38.165943,,231.51597999999998,31.646,0.8900045231118144,2.150010926618428,1.490007572400678,137.32769791615297,1.7204681999999998,1.4199025,0.8052967083333334,67.6929476595,0.8528056659153,0.5173036753087413,1.514196169538703,1.850259111929618,2.0286854489912356,4_Apr_2018,Pulsed Laser Deposition,BZYF631/ BZYCF1135/ BZC19,550.0,19.3,850,N,1000.0,20,50.0,SiO2,0,0,40,0,5,13,0,19.333333333333332,0,0,240,0,120,0,0
Ba0.85856Co0.71134Fe0.02424Y0.04502Zr0.2194O3,01502,20,2,9,4.0820794000000005,0.51923001,0.54474258,0.42976668,,4017.4272,2286.5447,,30.943378000000003,38.137505,,235.51398999999998,31.646,0.8899949146971068,2.1499877152795275,1.4899914864030215,137.32621533776359,1.7284047999999999,1.415351,0.8027156333333334,67.2923086983,0.8585649056883133,0.5149227279958415,1.5190491371253685,1.856188448972554,2.040741624030992,4_Apr_2018,Pulsed Laser Deposition,BZYF631/ BZYCF1135/ BZC19,550.0,19.3,850,N,1000.0,20,50.0,SiO2,0,0,40,0,5,13,0,19.333333333333332,0,0,240,0,120,0,0
Ba0.85417Co0.71872Fe0.02296Y0.04879Zr0.20954O3,01502,21,2,10,4.085217500000001,0.49022001,0.48907033,0.44036376,,5037.3862,1749.8037,,30.919016,38.092308,,239.51199,31.646,0.8900047172726119,2.1500113956585567,1.490007897456395,137.32772787516402,1.7314224,1.4150250000000002,0.8027359333333335,67.0914604919,0.8541654726613593,0.5140309593272051,1.5194158376414242,1.8561619526226867,2.04687343021462,4_Apr_2018,Pulsed Laser Deposition,BZYF631/ BZYCF1135/ BZC19,550.0,19.3,850,N,1000.0,20,50.0,SiO2,0,0,40,0,5,13,0,19.333333333333332,0,0,240,0,120,0,0
Ba0.86234Co0.72259Fe0.02724Y0.04103Zr0.20913O3,01502,22,2,11,4.0882506,0.45096001,0.47406197,0.45928565,,4933.1377,1476.6042,,30.895502,38.0658,,243.51199,31.646,0.8900024137389508,2.1500058309424093,1.490004040978693,137.3273724399201,1.7365178999999997,1.411638,0.8009350833333334,66.83123732055,0.862337661283144,0.5125213012425331,1.5230574913273867,1.86033059605479,2.0548380958628933,4_Apr_2018,Pulsed Laser Deposition,BZYF631/ BZYCF1135/ BZC19,550.0,19.3,850,N,1000.0,20,50.0,SiO2,0,0,40,0,5,13,0,19.333333333333332,0,0,240,0,120,0,0
Ba0.82874Co0.6177Fe0.03103Y0.08188Zr0.26939O3,01502,23,3,1,4.0909953,0.36827001,0.50016069,,,1088.4678,,,30.874258,,,203.53,19.152,0.8899979219326303,2.1499949799496125,1.4899965209883361,137.32667935420486,1.6762432,1.4422755,0.8178831750000001,69.99034925950001,0.8287419350354754,0.5309479686077953,1.4906964584433504,1.8217718208817977,1.9620802125882388,4_Apr_2018,Pulsed Laser Deposition,BZYF631/ BZYCF1135/ BZC19,550.0,19.3,850,N,1000.0,20,50.0,SiO2,0,0,40,0,5,13,0,19.333333333333332,0,0,240,0,120,0,0
Ba0.83631Co0.62451Fe0.03027Y0.07346Zr0.27176O3,01502,24,3,2,4.0882711,0.39833999,0.52786666,,,1029.4287,,,30.895344,,,207.528,19.152,0.8900018652634899,2.150004505973599,1.4900031227444943,137.3272878101565,1.6805349,1.4389225,0.815749025,69.81685574045,0.8363082472637754,0.5295943959649335,1.4941767231894691,1.8265460050589633,1.966964658515734,4_Apr_2018,Pulsed Laser Deposition,BZYF631/ BZYCF1135/ BZC19,550.0,19.3,850,N,1000.0,20,50.0,SiO2,0,0,40,0,5,13,0,19.333333333333332,0,0,240,0,120,0,0
Ba0.84079Co0.63862Fe0.03073Y0.07272Zr0.25793O3,01502,25,3,3,4.0875826,0.42804,0.49191388,0.53038782,,1409.3311,353.69237999999996,,30.900678999999997,38.078857,,211.52598999999998,19.152,0.8900013314282991,2.1500032163717333,1.4900022290204107,137.32720543938655,1.6886067999999999,1.4358465000000002,0.8143189583333335,69.34667357289999,0.8407887421910957,0.5270625058647751,1.4973767853121716,1.8297525972746578,1.9802998235383664,4_Apr_2018,Pulsed Laser Deposition,BZYF631/ BZYCF1135/ BZC19,550.0,19.3,850,N,1000.0,20,50.0,SiO2,0,0,40,0,5,13,0,19.333333333333332,0,0,240,0,120,0,0
Ba0.82785Co0.64172Fe0.03189Y0.07003Zr0.25635O3,01502,26,3,4,4.0841055,0.45664999,0.48765492,0.45605296,,2038.4283,539.81964,,30.927640999999998,38.10841,,215.524,19.152,0.8899950093596465,2.1499879439586964,1.4899916448830037,137.32622994419344,1.6911744,1.4343645,0.8135332916666667,69.2108560209,0.8278546421626787,0.5262585629014054,1.4989132427348113,1.8315066637660182,1.9841718169577942,4_Apr_2018,Pulsed Laser Deposition,BZYF631/ BZYCF1135/ BZC19,550.0,19.3,850,N,1000.0,20,50.0,SiO2,0,0,40,0,5,13,0,19.333333333333332,0,0,240,0,120,0,0
Ba0.83283Co0.64911Fe0.03134Y0.06931Zr0.25023O3,01502,27,3,5,4.081936799999999,0.47793999,0.49125275,0.48581719,0.64114869,2882.5178,868.2022099999999,300.22684,30.944487,38.123290999999995,44.320232,219.52199,19.152,0.8899979945402847,2.1499951553501258,1.4899966425449709,137.3266905575659,1.6950431,1.432789,0.8127304,68.99335448995,0.8328318766413239,0.5250592120874594,1.500566486307562,1.8333221478425945,1.990433594261166,4_Apr_2018,Pulsed Laser Deposition,BZYF631/ BZYCF1135/ BZC19,550.0,19.3,850,N,1000.0,20,50.0,SiO2,0,0,40,0,5,13,0,19.333333333333332,0,0,240,0,120,0,0
Ba0.84148Co0.66182Fe0.03207Y0.06231Zr0.2438O3,01502,28,3,6,4.080427200000001,0.48823999999999995,0.51817435,0.46486890000000003,,3486.7925,1441.8654,,30.956221000000003,38.136127,,223.52199,19.152,0.8900025943678874,2.150006267293211,1.4900043433799464,137.32740031096503,1.7031819,1.428403,0.8103084416666667,68.5742509784,0.8414775470760381,0.5225528725780185,1.5051818480451322,1.838811330060021,2.002608826951991,4_Apr_2018,Pulsed Laser Deposition,BZYF631/ BZYCF1135/ BZC19,550.0,19.3,850,N,1000.0,20,50.0,SiO2,0,0,40,0,5,13,0,19.333333333333332,0,0,240,0,120,0,0
Ba0.85192Co0.67325Fe0.03018Y0.05991Zr0.23666O3,01502,29,3,7,4.080153,0.49246999999999996,0.53988481,0.42848819,,3640.5708,1900.79,,30.958354999999997,38.136387,,227.51799,19.152,0.8900004524093722,2.150001092899045,1.4900007574044547,137.32706980676613,1.7087873999999998,1.4258005000000002,0.8088428666666667,68.27759694725,0.8519195669478691,0.5208374385306049,1.507925612944479,1.8421387129800835,2.01130496600316,4_Apr_2018,Pulsed Laser Deposition,BZYF631/ BZYCF1135/ BZC19,550.0,19.3,850,N,1000.0,20,50.0,SiO2,0,0,40,0,5,13,0,19.333333333333332,0,0,240,0,120,0,0
Ba0.84143Co0.67521Fe0.03079Y0.0643Zr0.2297O3,01502,30,3,8,4.080102,0.48111001,0.57657856,0.43207771,,3472.1404,2083.7114,,30.958752,38.139988,,231.51597999999998,19.152,0.89000207395714,2.150005010121181,1.490003472130493,137.3273200115867,1.7096875,1.4264145,0.8094488250000001,68.18254910095,0.841428039229562,0.5205641814408423,1.5072792726947049,1.8407630304861986,2.0141124352546873,4_Apr_2018,Pulsed Laser Deposition,BZYF631/ BZYCF1135/ BZC19,550.0,19.3,850,N,1000.0,20,50.0,SiO2,0,0,40,0,5,13,0,19.333333333333332,0,0,240,0,120,0,0
Ba0.84749Co0.68642Fe0.03061Y0.05845Zr0.22452O3,01502,31,3,9,4.0820403,0.46467999,0.5572206999999999,0.41629785,,3606.9023,2026.2758,,30.943684,38.124953999999995,,235.51398999999998,19.152,0.8900043947184401,2.1500106164546584,1.4900073574499728,137.3276781050553,1.7164065000000002,1.4227370000000001,0.8073695916666668,67.8404985744,0.8474858152117529,0.5185277466138936,1.5111792386468181,1.8455083927227496,2.024272830991202,4_Apr_2018,Pulsed Laser Deposition,BZYF631/ BZYCF1135/ BZC19,550.0,19.3,850,N,1000.0,20,50.0,SiO2,0,0,40,0,5,13,0,19.333333333333332,0,0,240,0,120,0,0
Ba0.84537Co0.69336Fe0.03052Y0.05595Zr0.22016O3,01502,32,3,10,4.0833788,0.43915999,0.48035505,0.45045567,,4829.2827,1420.1003,,30.933283000000003,38.10923,,239.51398999999998,19.152,0.8900028574097828,2.1500069027314974,1.4900047837534565,137.32744089832948,1.7204402,1.420722,0.8062755000000001,67.62446763269999,0.8453672858867947,0.5173111261930422,1.5133199195419633,1.8480095001689325,2.0307359999374612,4_Apr_2018,Pulsed Laser Deposition,BZYF631/ BZYCF1135/ BZC19,550.0,19.3,850,N,1000.0,20,50.0,SiO2,0,0,40,0,5,13,0,19.333333333333332,0,0,240,0,120,0,0
Ba0.86277Co0.70581Fe0.03335Y0.05079Zr0.21005O3,01502,33,3,11,4.087384200000001,0.40665999,0.48209235,0.45605764,,4357.3906,1355.6375,,30.902212,38.077228999999996,,243.50999,19.152,0.8899994143065478,2.1499985851225594,1.4899990194570294,137.32690962750033,1.7292836,1.4165330000000003,0.8041928250000001,67.13519843444999,0.8627705677742386,0.5146636528019741,1.5177892679680312,1.8527882531867021,2.0455277236066367,4_Apr_2018,Pulsed Laser Deposition,BZYF631/ BZYCF1135/ BZC19,550.0,19.3,850,N,1000.0,20,50.0,SiO2,0,0,40,0,5,13,0,19.333333333333332,0,0,240,0,120,0,0
Ba0.85384Co0.6231Fe0.03277Y0.07078Zr0.27336O3,01502,34,4,1,4.0901542,0.29365,0.53090036,0.46240732,,2345.5742,835.88531,,30.880765999999998,38.039757,,203.53,6.653999799999999,0.8900011185793459,2.15000270218606,1.4900018726777813,137.32717259679308,1.6813175,1.438175,0.8153857250000001,69.7810631575,0.853838926869002,0.5293474424547094,1.494952076198001,1.827358300487516,1.967971916490259,4_Apr_2018,Pulsed Laser Deposition,BZYF631/ BZYCF1135/ BZC19,550.0,19.3,850,N,1000.0,20,50.0,SiO2,0,0,40,0,5,13,0,19.333333333333332,0,0,240,0,120,0,0
Ba0.8485Co0.62858Fe0.03604Y0.07023Zr0.26514O3,01502,35,4,2,4.0874147,0.31485,0.5456835,0.43035895,,2669.1462,1215.2434,,30.901976,38.058693,,207.528,6.653999799999999,0.8899961245423146,2.149990637939299,1.489993511874212,137.32640201687914,1.6860004000000002,1.43642,0.8147426666666667,69.4878707186,0.8485036947642304,0.5278742072316913,1.4967701911274551,1.8287903320077488,1.9762643551563108,4_Apr_2018,Pulsed Laser Deposition,BZYF631/ BZYCF1135/ BZC19,550.0,19.3,850,N,1000.0,20,50.0,SiO2,0,0,40,0,5,13,0,19.333333333333332,0,0,240,0,120,0,0
Ba0.83823Co0.62936Fe0.03604Y0.07178Zr0.26282O3,01502,36,4,3,4.0856533,0.33581999,0.60374957,0.41237694,,2615.2498,1546.0007,,30.915634000000004,38.054607,,211.52598999999998,6.653999799999999,0.8900001947288475,2.150000470412384,1.4900003260067223,137.32703004666115,1.6862721999999999,1.436667,0.8149587666666667,69.46000299820001,0.8382298165982853,0.527791536104816,1.4965197017905918,1.8283137588679503,1.977066284466182,4_Apr_2018,Pulsed Laser Deposition,BZYF631/ BZYCF1135/ BZC19,550.0,19.3,850,N,1000.0,20,50.0,SiO2,0,0,40,0,5,13,0,19.333333333333332,0,0,240,0,120,0,0
Ba0.83842Co0.63908Fe0.03539Y0.07085Zr0.25468O3,01502,37,4,4,4.086551200000001,0.35253,0.51103848,0.41912794,,3621.2095,1463.2012,,30.908671999999996,38.050872999999996,,215.524,6.653999799999999,0.8900045371372409,2.1500109605000763,1.4900075958814483,137.3277000802763,1.6913955,1.434588,0.8139052416666667,69.17128860310001,0.838415725834592,0.5261954032260585,1.4986957652650632,1.8306892738893037,1.9853280581232624,4_Apr_2018,Pulsed Laser Deposition,BZYF631/ BZYCF1135/ BZC19,550.0,19.3,850,N,1000.0,20,50.0,SiO2,0,0,40,0,5,13,0,19.333333333333332,0,0,240,0,120,0,0
Ba0.84481Co0.64524Fe0.03599Y0.06598Zr0.25279O3,01502,38,4,5,4.0895386,0.36563,0.46811587,0.43040848,,4473.3184,1278.9194,,30.885529,38.0392,,219.52199,6.653999799999999,0.8900031978745355,2.1500077252025296,1.4900053537450089,137.32749343204082,1.6956191999999999,1.4320485000000003,0.812459475,68.96243923480002,0.8448069645093492,0.524883887770636,1.5013511939033692,1.8339442145652973,1.9913375303398817,4_Apr_2018,Pulsed Laser Deposition,BZYF631/ BZYCF1135/ BZC19,550.0,19.3,850,N,1000.0,20,50.0,SiO2,0,0,40,0,5,13,0,19.333333333333332,0,0,240,0,120,0,0
Ba0.84545Co0.64905Fe0.03626Y0.07274Zr0.24195O3,01502,39,4,6,4.0896893,0.37584001,0.46480978,0.46318820000000005,,4588.2925,1275.8062,,30.884363,38.053314,,223.51997000000003,6.653999799999999,0.889995891988927,2.149990076153026,1.4899931225432599,137.32636613389144,1.6971060999999998,1.4329360000000002,0.813325,68.81418824375,0.8454539023977448,0.5244197118783128,1.5004090037189557,1.8319775274868717,1.9956112197016873,4_Apr_2018,Pulsed Laser Deposition,BZYF631/ BZYCF1135/ BZC19,550.0,19.3,850,N,1000.0,20,50.0,SiO2,0,0,40,0,5,13,0,19.333333333333332,0,0,240,0,120,0,0
Ba0.84087Co0.65361Fe0.03658Y0.06938Zr0.24043O3,01502,40,4,7,4.089652500000001,0.37281001,0.45548302,0.43890843,,4629.0312,1330.7874,,30.884645000000003,38.034618,,227.51799,6.653999799999999,0.8900015472934161,2.1500037378436456,1.490002590412573,137.3272387473741,1.7001437,1.4311360000000002,0.8122998000000001,68.66340987695,0.8408685381231991,0.5234860719675731,1.5023056773385934,1.834301313889986,2.0000061021361284,4_Apr_2018,Pulsed Laser Deposition,BZYF631/ BZYCF1135/ BZC19,550.0,19.3,850,N,1000.0,20,50.0,SiO2,0,0,40,0,5,13,0,19.333333333333332,0,0,240,0,120,0,0
Ba0.86768Co0.66325Fe0.04064Y0.06838Zr0.22773O3,01502,41,4,8,4.0905795,0.36564001,0.44877988,0.4355754,,4730.4609,1253.0461,,30.877474,38.039402,,231.51597999999998,6.653999799999999,0.8900023679902903,2.150005720425982,1.4900039643882388,137.3273653809018,1.7075857,1.428349,0.8112056833333335,68.21080592675,0.8676776914018558,0.5212050955862949,1.5052383699123828,1.8367770283186975,2.0132787395647322,4_Apr_2018,Pulsed Laser Deposition,BZYF631/ BZYCF1135/ BZC19,550.0,19.3,850,N,1000.0,20,50.0,SiO2,0,0,40,0,5,13,0,19.333333333333332,0,0,240,0,120,0,0
Ba0.86025Co0.67265Fe0.03865Y0.05925Zr0.22944O3,01502,42,4,9,4.0901699,0.34896001,0.44067335,0.44171619,,4659.1016,1152.1426,,30.880644,38.036736,,235.51398999999998,6.653999799999999,0.8899983293910149,2.149995964259193,1.4899972031377664,137.3267422250336,1.7127516999999999,1.4244694999999998,0.8087069416666668,67.99792903925,0.8602516147686259,0.5196306793278996,1.5093309925268272,1.8424439390454919,2.019572421768395,4_Apr_2018,Pulsed Laser Deposition,BZYF631/ BZYCF1135/ BZC19,550.0,19.3,850,N,1000.0,20,50.0,SiO2,0,0,40,0,5,13,0,19.333333333333332,0,0,240,0,120,0,0
Ba0.86612Co0.67576Fe0.03866Y0.06193Zr0.22365O3,01502,43,4,10,4.090646700000001,0.33344999,0.44207525,0.42518386,,4293.8398,1143.4041,,30.876953000000004,38.041142,,239.51199,6.653999799999999,0.8899986959233385,2.149996849702447,1.4899978167705328,137.32679878097113,1.7141856999999998,1.4245315,0.8089127833333334,67.8918504437,0.8661212690882395,0.5191961967267249,1.5092659233596777,1.8419758563223754,2.0227287646968874,4_Apr_2018,Pulsed Laser Deposition,BZYF631/ BZYCF1135/ BZC19,550.0,19.3,850,N,1000.0,20,50.0,SiO2,0,0,40,0,5,13,0,19.333333333333332,0,0,240,0,120,0,0
Ba0.86698Co0.68162Fe0.04337Y0.05241Zr0.2226O3,01502,44,4,11,4.090085500000001,0.30559999,0.44482967,0.45374137,,3956.8809,1005.6551,,30.881296000000003,38.039417,,243.50999,6.653999799999999,0.8899984136701715,2.149996167854909,1.4899973442343322,137.32675522930745,1.7208108999999998,1.4202730000000001,0.8066266916666667,67.55806002439999,0.8669815453018944,0.5171971038015691,1.5137907767414496,1.8471956849774864,2.032722005038467,4_Apr_2018,Pulsed Laser Deposition,BZYF631/ BZYCF1135/ BZC19,550.0,19.3,850,N,1000.0,20,50.0,SiO2,0,0,40,0,5,13,0,19.333333333333332,0,0,240,0,120,0,0
