FORMULA,IDENTIFIER: Sample number,IDENTIFIER: Point,IDENTIFIER: Row,IDENTIFIER: Column,PROPERTY: Cubic lattice constant (A),PROPERTY: Film thickness ($\mu$m),PROPERTY: FWHM of 110 peak ($^{\circ}$),PROPERTY: FWHM of 111 peak ($^{\circ}$),PROPERTY: FWHM of 200 peak ($^{\circ}$),PROPERTY: Max intensity of 110 peak (counts),PROPERTY: Max intensity of 111 peak (counts),PROPERTY: Max intensity of 200 peak (counts),PROPERTY: Area of 110 peak,PROPERTY: Position of 110 peak ($^{\circ}$),PROPERTY: Position of 111 peak ($^{\circ}$),PROPERTY: Position of 200 peak ($^{\circ}$),IDENTIFIER: X position (mm),IDENTIFIER: Y position (mm),PROPERTY: A_avg_X,PROPERTY: A_avg_at_radius,PROPERTY: A_avg_ion_radius,PROPERTY: A_avg_mass,PROPERTY: B_avg_X,PROPERTY: B_avg_at_radius,PROPERTY: B_avg_ion_radius,PROPERTY: B_avg_mass,PROPERTY: AB_site_ratio,PROPERTY: AB_X_ratio,PROPERTY: AB_at_radius_ratio,PROPERTY: AB_ion_radius_ratio,PROPERTY: AB_mass_ratio,IDENTIFIER: Date,PREPARATION STEP NAME,PREPARATION STEP DETAIL: Targets used,PREPARATION STEP DETAIL: Laser Energy (mJ),PREPARATION STEP DETAIL: Laser Voltage (kV),PREPARATION STEP DETAIL: Temperature ($^{\circ}$C),PREPARATION STEP DETAIL: Temperature Gradient,PREPARATION STEP DETAIL: Number of Cycles,PREPARATION STEP DETAIL: Laser Pulse Frequency (Hz),PREPARATION STEP DETAIL: Deposition Pressure (mTorr),PREPARATION STEP DETAIL: Substrate,PREPARATION STEP DETAIL: BZC19 Pulses/Cycle,PREPARATION STEP DETAIL: BZC91 Pulses/Cycle,PREPARATION STEP DETAIL: BZF19 Pulses/Cycle,PREPARATION STEP DETAIL: BZY82 Pulses/Cycle,PREPARATION STEP DETAIL: BZYCF1135 Pulses/Cycle,PREPARATION STEP DETAIL: BZYF631 Pulses/Cycle,PREPARATION STEP DETAIL: B12ZY82 Pulses/Cycle,PREPARATION STEP DETAIL: Average Target Pulses/Cycle,PREPARATION STEP DETAIL: BZC19 Substrate Angle ($^{\circ}$),PREPARATION STEP DETAIL: BZC91 Substrate Angle ($^{\circ}$),PREPARATION STEP DETAIL: BZF19 Substrate Angle ($^{\circ}$),PREPARATION STEP DETAIL: BZY82 Substrate Angle ($^{\circ}$),PREPARATION STEP DETAIL: BZYCF1135 Substrate Angle ($^{\circ}$),PREPARATION STEP DETAIL: BZYF631 Substrate Angle ($^{\circ}$),PREPARATION STEP DETAIL: B12ZY82 Substrate Angle ($^{\circ}$)
Ba0.81009Co0.04017Fe0.0176Y0.08432Zr0.85791O3,01230,1,1,1,4.1670226999999995,0.12542999999999999,0.45709524,,0.69800687,3692.2505,,460.51328,15.971881,30.297318,,43.392963,5.4000001,44.141998,0.8900017756158193,2.1500042894090017,1.4900029726601918,137.32727397752092,1.3516183000000002,1.560406,0.87136335,89.10874155515,0.8100883838137647,0.6584712382303637,1.3778492837178284,1.7099674580761193,1.5411201143776465,6_Mar_2017,Pulsed Laser Deposition,BZC91/ BZYF631,600.0,18.6,850,N,344.0,10,50.0,SiO2,0,38,0,0,nan,36,0,,0,0,0,0,0,180,0
Ba0.80527Co0.03719Fe0.02103Y0.08997Zr0.85181O3,01230,2,1,2,4.1680565000000005,0.13060001,0.47023901,0.46745852,0.71749568,3654.0964,332.14566,422.18967000000004,16.239174,30.289619000000002,37.351055,43.382903999999996,9.397999800000001,44.141998,0.8899993855111775,2.1499985155607098,1.48999897124905,137.32690518437468,1.3510728,1.5618999999999998,0.8726277916666667,89.07052063655,0.8052705559884896,0.6587353290741828,1.3765276365712977,1.7074851219249405,1.5417772816747488,6_Mar_2017,Pulsed Laser Deposition,BZC91/ BZYF631,600.0,18.6,850,N,344.0,10,50.0,SiO2,0,38,0,0,nan,36,0,,0,0,0,0,0,180,0
Ba0.80271Co0.0372Fe0.02187Y0.0954Zr0.84554O3,01230,3,1,3,4.170215600000001,0.13547,0.48143128,0.4679957,0.65429646,3580.8352,379.67404,366.94588999999996,15.218445999999998,30.273565,37.297745,43.378159000000004,13.39599,44.141998,0.8900039880341178,2.150009634015004,1.4900066765964444,137.32761535366438,1.3509143,1.563145,0.8736065749999999,89.028804054,0.8027064031230087,0.6588160241061316,1.3754383848043552,1.7055808864493087,1.5425076952664551,6_Mar_2017,Pulsed Laser Deposition,BZC91/ BZYF631,600.0,18.6,850,N,344.0,10,50.0,SiO2,0,38,0,0,nan,36,0,,0,0,0,0,0,180,0
Ba0.79865Co0.03612Fe0.02488Y0.10556Zr0.83344O3,01230,4,1,4,4.172138200000001,0.13778999,0.51194072,0.39153755,0.68923908,3321.0811,401.41055,316.2334,14.797660999999998,30.259281,37.294498,43.346939,17.393998999999997,44.141998,0.8899955513772964,2.1499892533271763,1.4899925523058106,137.32631357751683,1.3506944,1.5654339999999998,0.8755031999999999,88.93272268940001,0.798653992034024,0.6589170365830319,1.3734141799189086,1.7018699101337502,1.5441595559503196,6_Mar_2017,Pulsed Laser Deposition,BZC91/ BZYF631,600.0,18.6,850,N,344.0,10,50.0,SiO2,0,38,0,0,nan,36,0,,0,0,0,0,0,180,0
Ba0.81224Co0.03295Fe0.02602Y0.10968Zr0.83135O3,01230,5,1,5,4.1744223,0.13749,0.51713276,0.43285614,,3096.051,429.92737,,14.090932999999998,30.242328999999998,37.278797,,21.391991,44.141998,0.8900016799782522,2.1500040583744293,1.4900028125478604,137.32725922064432,1.3490677000000002,1.5669270000000002,0.8765268333333334,88.98520170325,0.812238466805663,0.659716098738597,1.3721150113403044,1.6998941229004325,1.543259514976508,6_Mar_2017,Pulsed Laser Deposition,BZC91/ BZYF631,600.0,18.6,850,N,344.0,10,50.0,SiO2,0,38,0,0,nan,36,0,,0,0,0,0,0,180,0
Ba0.8044Co0.03181Fe0.02844Y0.12605Zr0.8137O3,01230,6,1,6,4.1771517,0.13584000000000002,0.53053826,0.45613042,,2939.1616,465.90884000000005,,13.457172,30.222096999999998,37.231949,,25.389999,44.141998,0.8899966016214159,2.1499917904337575,1.4899943105796738,137.3264756301845,1.3478500000000002,1.5708845,0.8795597833333333,88.89844792545,0.8044030715350239,0.6603083441194612,1.368650458027791,1.6940227814110955,1.5447567289965074,6_Mar_2017,Pulsed Laser Deposition,BZC91/ BZYF631,600.0,18.6,850,N,344.0,10,50.0,SiO2,0,38,0,0,nan,36,0,,0,0,0,0,0,180,0
Ba0.81102Co0.0323Fe0.03143Y0.13509Zr0.80118O3,01230,7,1,7,4.1796041,0.1323,0.49402738,0.52689373,,3124.4512,337.54895,,13.629821,30.203940999999997,37.206322,,29.38802,44.141998,0.8900021221093569,2.150005126443952,1.4900035527448785,137.32732744147378,1.3486201,1.5725980000000002,0.8811196416666667,88.75588614499999,0.8110180662145765,0.6599353829216671,1.3671676591499873,1.6910343184797105,1.5472475506258019,6_Mar_2017,Pulsed Laser Deposition,BZC91/ BZYF631,600.0,18.6,850,N,344.0,10,50.0,SiO2,0,38,0,0,nan,36,0,,0,0,0,0,0,180,0
Ba0.8192Co0.03228Fe0.03678Y0.14263Zr0.78831O3,01230,8,1,8,4.1813908,0.12639999,0.48611584,0.50305688,,3041.5964,321.39261,,14.084129999999998,30.190727000000003,37.164425,,33.386009,44.141998,0.8900043779688688,2.150010575992211,1.4900073294085554,137.32767552059644,1.3504546999999998,1.5736845,0.8824385499999999,88.5497754601,0.8191959703208367,0.6590405275859078,1.366227205003424,1.6885111483497128,1.5508528938334292,6_Mar_2017,Pulsed Laser Deposition,BZC91/ BZYF631,600.0,18.6,850,N,344.0,10,50.0,SiO2,0,38,0,0,nan,36,0,,0,0,0,0,0,180,0
Ba0.81478Co0.02788Fe0.04001Y0.15725Zr0.77485O3,01230,9,1,9,4.1839813999999995,0.12072999999999999,0.49538016,,,2728.8748,,,12.9546,30.171589,,,37.384009999999996,44.141998,0.8899964386469986,2.1499913967315134,1.4899940377348628,137.3264504832319,1.3480282000000001,1.5777195000000002,0.8854406583333334,88.5427772391,0.8147832603716963,0.6602209350271742,1.3627209378672909,1.6827711983990903,1.5509616341985406,6_Mar_2017,Pulsed Laser Deposition,BZC91/ BZYF631,600.0,18.6,850,N,344.0,10,50.0,SiO2,0,38,0,0,nan,36,0,,0,0,0,0,0,180,0
Ba0.81712Co0.02718Fe0.04792Y0.16279Zr0.76211O3,01230,10,1,10,4.1881737999999995,0.11312,0.53289604,,,2222.238,,,11.883479,30.140671,,,41.381989000000004,44.141998,0.890005104461007,2.150012331001309,1.4900085456706746,137.32778761833336,1.3510021,1.5780735,0.8864512999999999,88.2736026016,0.8171153135581389,0.658774034815347,1.3624285123609952,1.68086904003714,1.5557061632357603,6_Mar_2017,Pulsed Laser Deposition,BZC91/ BZYF631,600.0,18.6,850,N,344.0,10,50.0,SiO2,0,38,0,0,nan,36,0,,0,0,0,0,0,180,0
Ba0.79771Co0.02482Fe0.0654Y0.17115Zr0.73863O3,01230,11,1,11,4.1929216,0.10519,0.52288055,,,2091.6792,,,12.095028999999998,30.105734,,,45.37999,44.141998,0.8900005912608625,2.1500014283268025,1.490000989863691,137.32709123155107,1.3575245,1.5780135,0.8880413333333332,87.7120042474,0.7977094700512481,0.6556055461694154,1.3624734061697208,1.6778509444722067,1.5656590270609598,6_Mar_2017,Pulsed Laser Deposition,BZC91/ BZYF631,600.0,18.6,850,N,344.0,10,50.0,SiO2,0,38,0,0,nan,36,0,,0,0,0,0,0,180,0
Ba0.79214Co0.03758Fe0.01637Y0.07873Zr0.86732O3,01230,12,2,1,4.165185500000001,0.14922,0.43283916,0.61400056,0.6600312,4453.5605,323.78036000000003,672.2914400000001,15.672147,30.311003000000003,37.381985,43.390713,5.4000001,31.646,0.8899952361911919,2.149988491922542,1.489992024634692,137.3262649443009,1.3501937000000002,1.559711,0.8706037916666667,89.2488493686,0.7921442400266381,0.6591611530932131,1.3784531185088402,1.7114467440835295,1.5386894723666402,6_Mar_2017,Pulsed Laser Deposition,BZC91/ BZYF631,600.0,18.6,850,N,344.0,10,50.0,SiO2,0,38,0,0,nan,36,0,,0,0,0,0,0,180,0
Ba0.78114Co0.03573Fe0.01804Y0.08333Zr0.8629O3,01230,13,2,2,4.1656461,0.15763,0.44355294,0.5218361,0.72650135,4476.979,344.58002,550.93713,15.662586,30.307568,37.382504,43.380051,9.397999800000001,31.646,0.8899966166132044,2.1499918266498756,1.4899943356782859,137.32647794341744,1.3495052,1.5609805,0.8715888500000001,89.23884093785,0.7811429695604591,0.659498471449539,1.3773341990177812,1.7095151408583138,1.538864428316117,6_Mar_2017,Pulsed Laser Deposition,BZC91/ BZYF631,600.0,18.6,850,N,344.0,10,50.0,SiO2,0,38,0,0,nan,36,0,,0,0,0,0,0,180,0
Ba0.78173Co0.03511Fe0.02134Y0.09445Zr0.84911O3,01230,14,2,3,4.1671185,0.16502999999999998,0.43075272,0.38509247,0.71268058,4679.7466,363.7919,575.75067,15.794798000000002,30.296602000000004,37.358326,43.35434,13.39599,31.646,0.8900017201777188,2.1500041554855005,1.490002879848091,137.327265423422,1.3496043000000002,1.563405,0.8736311333333334,89.11724494895,0.7817284890877202,0.6594538267088499,1.375206140114366,1.7055285955332151,1.5409729677133608,6_Mar_2017,Pulsed Laser Deposition,BZC91/ BZYF631,600.0,18.6,850,N,344.0,10,50.0,SiO2,0,38,0,0,nan,36,0,,0,0,0,0,0,180,0
Ba0.77952Co0.03371Fe0.02331Y0.10377Zr0.8392O3,01230,15,2,4,4.169022099999999,0.16944,0.43106952,0.67334944,0.74872142,4730.8037,310.6412,562.5117799999999,15.409742999999999,30.282438,37.320847,43.331932,17.393998999999997,31.646,0.8900018811615353,2.15000454437899,1.4900031493603232,137.3272902632249,1.3487675000000001,1.5656884999999998,0.8754050916666666,89.06932580795001,0.7795183523596173,0.6598630832678984,1.3732007001258488,1.7020727472849575,1.541802287347813,6_Mar_2017,Pulsed Laser Deposition,BZC91/ BZYF631,600.0,18.6,850,N,344.0,10,50.0,SiO2,0,38,0,0,nan,36,0,,0,0,0,0,0,180,0
Ba0.78293Co0.03275Fe0.02551Y0.11558Zr0.82616O3,01230,16,2,5,4.1726413,0.17231999,0.42831552,,0.69550735,4457.0693,,590.59778,14.286097,30.255543,,43.284228999999996,21.391991,31.646,0.8899986429468719,2.1499967217255893,1.4899977280795944,137.32679060670233,1.3480537,1.5685185000000001,0.8776109916666666,88.99602606925001,0.7829311937968828,0.6602100813542309,1.3707181150401408,1.6977883620736647,1.5430665465876527,6_Mar_2017,Pulsed Laser Deposition,BZC91/ BZYF631,600.0,18.6,850,N,344.0,10,50.0,SiO2,0,38,0,0,nan,36,0,,0,0,0,0,0,180,0
Ba0.77944Co0.02896Fe0.03Y0.12486Zr0.81618O3,01230,17,2,6,4.176521299999999,0.17087001,0.44205916,,0.68315065,3837.1433,,738.2099599999999,13.336796,30.226765000000004,,43.244118,25.389999,31.646,0.8899976361870675,2.1499942896653876,1.4899960426053154,137.3266352636645,1.3471934,1.570923,0.8795951333333333,88.93804407820001,0.7794420701744332,0.6606309355338791,1.3686185062319334,1.6939566695404433,1.5440707819357729,6_Mar_2017,Pulsed Laser Deposition,BZC91/ BZYF631,600.0,18.6,850,N,344.0,10,50.0,SiO2,0,38,0,0,nan,36,0,,0,0,0,0,0,180,0
Ba0.78072Co0.02823Fe0.03255Y0.14096Zr0.79826O3,01230,18,2,7,4.1820273,0.16774,0.48431841,,0.580823,2725.3748,,857.06299,10.642332000000001,30.186020000000003,,43.204052000000004,29.38802,31.646,0.8899990577778705,2.1499977238454173,1.4899984225719403,137.3268546151254,1.3462958999999999,1.5747115,0.882540925,88.83407770085,0.7807208265308312,0.6610723970695228,1.3653280133188952,1.6883051883083384,1.5458803442252815,6_Mar_2017,Pulsed Laser Deposition,BZC91/ BZYF631,600.0,18.6,850,N,344.0,10,50.0,SiO2,0,38,0,0,nan,36,0,,0,0,0,0,0,180,0
Ba0.77914Co0.02644Fe0.03485Y0.15007Zr0.78864O3,01230,19,2,8,4.1879354,0.16136,0.50713229,,0.57275569,1888.2565,,742.8389900000001,8.0831556,30.142427,,43.144264,33.386009,31.646,0.8899957718326224,2.1499897858877954,1.4899929213827048,137.32634759377362,1.3454593000000001,1.5770020000000002,0.8843275583333334,88.7893881953,0.7791437015168329,0.661481006398798,1.3633399234038988,1.6848880342379597,1.5466527068720457,6_Mar_2017,Pulsed Laser Deposition,BZC91/ BZYF631,600.0,18.6,850,N,344.0,10,50.0,SiO2,0,38,0,0,nan,36,0,,0,0,0,0,0,180,0
Ba0.78329Co0.02649Fe0.03802Y0.16351Zr0.77198O3,01230,20,2,9,4.1872444,0.15375,0.47293812,,0.55649912,2434.6125,,759.02747,9.8951054,30.147517999999998,,43.141762,37.384009999999996,31.646,0.8899967966654528,2.1499922616075544,1.4899946371140727,137.32650572547936,1.3455934,1.5798765,0.8867184,88.64446628905,0.7832928192684815,0.661415845726839,1.3608609670487246,1.680347038151089,1.5491830621179217,6_Mar_2017,Pulsed Laser Deposition,BZC91/ BZYF631,600.0,18.6,850,N,344.0,10,50.0,SiO2,0,38,0,0,nan,36,0,,0,0,0,0,0,180,0
Ba0.78377Co0.0263Fe0.04414Y0.1701Zr0.75946O3,01230,21,2,10,4.185226,0.14478999,0.43264478,,0.63961291,3308.8174,,542.15436,12.813329,30.162403,,43.158497,41.381989000000004,31.646,0.8900054391845126,2.1500131396030358,1.490009106050476,137.3278392661703,1.3478240000000001,1.5806440000000002,0.8878761166666667,88.4188054535,0.7837652100633797,0.6603276386119497,1.3602133937831893,1.6781723013840983,1.5531519404929288,6_Mar_2017,Pulsed Laser Deposition,BZC91/ BZYF631,600.0,18.6,850,N,344.0,10,50.0,SiO2,0,38,0,0,nan,36,0,,0,0,0,0,0,180,0
Ba0.77356Co0.02509Fe0.05886Y0.17827Zr0.73778O3,01230,22,2,11,4.1864295,0.13435,0.44974852,,,3260.9575,,,13.258216000000001,30.153526,,,45.37999,31.646,0.8899982123821947,2.1499956815974364,1.4899970072465956,137.32672417057265,1.3536198000000002,1.5807205,0.8893472333333334,87.91815916205,0.7735615537442776,0.6574949719132319,1.360136521034197,1.6753827429832848,1.5619836161202283,6_Mar_2017,Pulsed Laser Deposition,BZC91/ BZYF631,600.0,18.6,850,N,344.0,10,50.0,SiO2,0,38,0,0,nan,36,0,,0,0,0,0,0,180,0
Ba0.80544Co0.03632Fe0.01871Y0.07758Zr0.86738O3,01230,23,3,1,4.164649,0.13727999999999999,0.45125452,0.4574362,0.762312,3819.8611,386.07486,339.77954,15.318973000000002,30.314999,37.406704,43.4133,5.4000001,19.15,0.8900046490051969,2.150011230742891,1.4900077831660037,137.32771734150188,1.3507839000000001,1.5593090000000003,0.8704861416666667,89.2085025554,0.8054357927245099,0.65888011324772,1.3788230753127768,1.7116961567167246,1.5394016647260615,6_Mar_2017,Pulsed Laser Deposition,BZC91/ BZYF631,600.0,18.6,850,N,344.0,10,50.0,SiO2,0,38,0,0,nan,36,0,,0,0,0,0,0,180,0
Ba0.79436Co0.03619Fe0.01947Y0.08647Zr0.85787O3,01230,24,3,2,4.164839700000001,0.14614999,0.4455089,0.50465101,0.78002214,4073.2944,408.86343,304.69388,15.558572,30.313579999999998,37.383682,43.412388,9.397999800000001,19.15,0.8900011985122133,2.150002895282313,1.490002006497975,137.3271849304345,1.3501278,1.5614590000000002,0.8721011583333333,89.16611620655002,0.7943589302821575,0.6591977429930805,1.3769192116362408,1.7085196966662766,1.5401274696356757,6_Mar_2017,Pulsed Laser Deposition,BZC91/ BZYF631,600.0,18.6,850,N,344.0,10,50.0,SiO2,0,38,0,0,nan,36,0,,0,0,0,0,0,180,0
Ba0.78611Co0.03327Fe0.02301Y0.09504Zr0.84868O3,01230,25,3,3,4.1668324,0.15442999999999998,0.43626833,0.42455539,,4350.5854,347.30194,,15.429197,30.298733000000002,37.357758000000004,,13.39599,19.15,0.8900036064086504,2.1500087121107847,1.490006037695381,137.32755646885477,1.3493491,1.5636545000000002,0.873884875,89.11529715165,0.7861068145815547,0.6595799459225566,1.374989623417951,1.7050369909370282,1.541009914775469,6_Mar_2017,Pulsed Laser Deposition,BZC91/ BZYF631,600.0,18.6,850,N,344.0,10,50.0,SiO2,0,38,0,0,nan,36,0,,0,0,0,0,0,180,0
Ba0.79228Co0.03327Fe0.02435Y0.10793Zr0.83445O3,01230,26,3,4,4.1694818,0.16041,0.43722734,0.50515348,0.71825445,4270.8354,309.86301000000003,390.92734,14.809934,30.279018,37.328185999999995,43.313675,17.393998999999997,19.15,0.8900029343147801,2.1500070885132327,1.4900049125045194,137.32745276477056,1.3486012,1.566676,0.876195025,89.03800833815001,0.7922773878750009,0.6599452338577039,1.372336774491492,1.700540256439506,1.542346412817615,6_Mar_2017,Pulsed Laser Deposition,BZC91/ BZYF631,600.0,18.6,850,N,344.0,10,50.0,SiO2,0,38,0,0,nan,36,0,,0,0,0,0,0,180,0
Ba0.78637Co0.03189Fe0.02785Y0.11516Zr0.82509O3,01230,27,3,5,4.1724138,0.1638,0.44566023,,0.62655103,3654.7588,,609.91174,13.056273,30.257233000000003,,43.266459999999995,21.391991,19.15,0.8899987558577974,2.149996994487937,1.489997917110245,137.32680802885812,1.3487836,1.568219,0.877588075,88.94107068455,0.7863710992780579,0.6598528895649365,1.3709800700590524,1.6978329122239326,1.5440201806870448,6_Mar_2017,Pulsed Laser Deposition,BZC91/ BZYF631,600.0,18.6,850,N,344.0,10,50.0,SiO2,0,38,0,0,nan,36,0,,0,0,0,0,0,180,0
Ba0.78591Co0.02866Fe0.03219Y0.13228Zr0.80687O3,01230,28,3,6,4.1807756000000005,0.16404000000000002,0.55410784,,0.57848305,1819.144,,618.54486,7.853244800000001,30.195273999999998,,43.222846999999994,25.389999,19.15,0.8900008570113692,2.1500020703083638,1.4900014347718427,137.32713223685425,1.3473072000000001,1.5725095,0.8809418083333334,88.8530506367,0.7859092432211724,0.6605775260544656,1.367242659143467,1.6913732787762656,1.5455533743951435,6_Mar_2017,Pulsed Laser Deposition,BZC91/ BZYF631,600.0,18.6,850,N,344.0,10,50.0,SiO2,0,38,0,0,nan,36,0,,0,0,0,0,0,180,0
Ba0.78152Co0.02634Fe0.03431Y0.1388Zr0.80055O3,01230,29,3,7,,0.16346,,,,,,,,,,,29.38802,19.15,0.8899979950597395,2.1499951566049886,1.4899966434146201,137.3266906377178,1.346374,1.5742854999999998,0.882312175,88.83784748629999,0.781521760566789,0.6610332604905765,1.3656958389091363,1.688740885180033,1.5458128998329845,6_Mar_2017,Pulsed Laser Deposition,BZC91/ BZYF631,600.0,18.6,850,N,344.0,10,50.0,SiO2,0,38,0,0,nan,36,0,,0,0,0,0,0,180,0
Ba0.78454Co0.02651Fe0.03735Y0.15279Zr0.78335O3,01230,30,3,8,,0.15942,,,,,,,,,,,33.388008,19.15,0.8899953457309815,2.149988756541135,1.4899922080215309,137.32628184629044,1.3464486,1.577293,0.8847919916666667,88.69237497095,0.7845441027857429,0.6609946682933024,1.3630877437109878,1.6840028188036145,1.5483437205427166,6_Mar_2017,Pulsed Laser Deposition,BZC91/ BZYF631,600.0,18.6,850,N,344.0,10,50.0,SiO2,0,38,0,0,nan,36,0,,0,0,0,0,0,180,0
Ba0.77555Co0.02667Fe0.04085Y0.16448Zr0.768O3,01230,31,3,9,,0.15208,,,,,,,,,,,37.384009999999996,19.15,0.8900033420440844,2.1500080734772826,1.4900055951075122,137.32751567740223,1.3470007000000002,1.5796585,0.8868552749999999,88.53628276865001,0.7755470877387003,0.6607296804256184,1.3610587816779909,1.6801000536502557,1.551087434247113,6_Mar_2017,Pulsed Laser Deposition,BZC91/ BZYF631,600.0,18.6,850,N,344.0,10,50.0,SiO2,0,38,0,0,nan,36,0,,0,0,0,0,0,180,0
Ba0.7843Co0.02502Fe0.04818Y0.17005Zr0.75675O3,01230,32,3,10,4.2046781,0.14490999,0.96271354,,,514.31335,,,3.3258970000000003,30.019571000000003,,,41.381989000000004,19.15,0.8899978917686872,2.1499949070816595,1.4899964704891502,137.3266746999084,1.3491455,1.5802815000000001,0.88795415,88.31732243140002,0.7843018578536354,0.6596752476057527,1.360513874953076,1.6780105937780123,1.5549234387917064,6_Mar_2017,Pulsed Laser Deposition,BZC91/ BZYF631,600.0,18.6,850,N,344.0,10,50.0,SiO2,0,38,0,0,nan,36,0,,0,0,0,0,0,180,0
Ba0.77837Co0.02387Fe0.06275Y0.17361Zr0.73977O3,01230,33,3,11,4.1903977,0.13522001,0.48699459,,0.54552138,1958.3025,,534.95703,8.8038778,30.124294,,43.111397,45.37999,19.15,0.8900029595156476,2.1500071493917328,1.4900049546947358,137.32745665326442,1.3554064000000001,1.5792160000000002,0.8885910916666667,87.83073221315,0.7783674116960287,0.6566318113265862,1.3614395683628664,1.6768173445223722,1.563546758553651,6_Mar_2017,Pulsed Laser Deposition,BZC91/ BZYF631,600.0,18.6,850,N,344.0,10,50.0,SiO2,0,38,0,0,nan,36,0,,0,0,0,0,0,180,0
Ba0.84323Co0.04183Fe0.0217Y0.08393Zr0.85254O3,01230,34,4,1,4.1661782,0.10162,0.47810635,,,2525.7795,,,14.073901999999999,30.303606,,,5.4000001,6.650000099999999,0.8899982032731956,2.149995659592551,1.4899969919966982,137.3267227650541,1.3546242,1.5593615,0.8711102333333334,88.91098899734999,0.8432317023112381,0.6570074588016334,1.3787666680192827,1.7104574541561444,1.5445416175625617,6_Mar_2017,Pulsed Laser Deposition,BZC91/ BZYF631,600.0,18.6,850,N,344.0,10,50.0,SiO2,0,38,0,0,nan,36,0,,0,0,0,0,0,180,0
Ba0.83142Co0.03878Fe0.02365Y0.09592Zr0.84165O3,01230,35,4,2,4.1666365,0.10859,0.50016701,0.4504692,,2534.8369,368.65555,,13.788006,30.300192,37.372772,,9.397999800000001,6.650000099999999,0.8899992626353486,2.149998218725842,1.4899987655355835,137.32688622463428,1.3526028,1.5626765,0.8735333916666667,88.9126922841,0.8314206888317152,0.6579901081347374,1.3758434447090244,1.7057147210969528,1.5445138674446826,6_Mar_2017,Pulsed Laser Deposition,BZC91/ BZYF631,600.0,18.6,850,N,344.0,10,50.0,SiO2,0,38,0,0,nan,36,0,,0,0,0,0,0,180,0
Ba0.82619Co0.037Fe0.02474Y0.09927Zr0.839O3,01230,36,4,3,4.1683064,0.11357,0.50361985,0.43668604,,2706.1157,414.19397000000004,,14.020382999999999,30.287762,37.370556,,13.39599,6.650000099999999,0.8900027267371926,2.1500065870617573,1.4900045649869853,137.32742073554883,1.3518135999999998,1.5637219999999998,0.8742999833333334,88.9247532445,0.8261874687684279,0.6583768107801199,1.3749289113165624,1.7042257730650212,1.544310394181977,6_Mar_2017,Pulsed Laser Deposition,BZC91/ BZYF631,600.0,18.6,850,N,344.0,10,50.0,SiO2,0,38,0,0,nan,36,0,,0,0,0,0,0,180,0
Ba0.82584Co0.03616Fe0.02818Y0.10764Zr0.82802O3,01230,37,4,4,4.1707845,0.11840999999999999,0.47534877,0.50717223,,3047.6511,393.71872,,14.147560999999998,30.269337,37.303284000000005,,17.393998999999997,6.650000099999999,0.8900046180799982,2.1500111560359505,1.4900077313923565,137.3277125697437,1.3521375999999998,1.565451,0.8758491833333333,88.80985860519999,0.825835714859105,0.6582204489247235,1.373413256649969,1.7012149577186795,1.5463115776394547,6_Mar_2017,Pulsed Laser Deposition,BZC91/ BZYF631,600.0,18.6,850,N,344.0,10,50.0,SiO2,0,38,0,0,nan,36,0,,0,0,0,0,0,180,0
Ba0.83364Co0.0321Fe0.03024Y0.11422Zr0.82344O3,01230,38,4,5,4.1719688999999995,0.12199000000000002,0.47765499,0.54883128,,3108.1187,381.36429,,15.046482000000001,30.260536,37.311077000000004,,21.391991,6.650000099999999,0.8900010408095502,2.1500025143152053,1.4900017424789098,137.3271605969136,1.3502108,1.567599,0.8773903,88.85282510649999,0.8336390251017317,0.6591571040681575,1.3715258266401071,1.6982199854259956,1.5455576165677536,6_Mar_2017,Pulsed Laser Deposition,BZC91/ BZYF631,600.0,18.6,850,N,344.0,10,50.0,SiO2,0,38,0,0,nan,36,0,,0,0,0,0,0,180,0
Ba0.82255Co0.03235Fe0.03234Y0.12854Zr0.80677O3,01230,39,4,6,4.1739435,0.12365,0.47081938,0.44568992,,3223.9944,342.64294,,15.177855,30.24588,37.295147,,25.391991,6.650000099999999,0.8900041655574472,2.1500100628634957,1.4900069737984227,137.3276427455141,1.3498231,1.570814,0.8799292333333333,88.73726059725,0.8225461501536614,0.6593487439631514,1.3687235171468397,1.6933259145783839,1.5475758640871313,6_Mar_2017,Pulsed Laser Deposition,BZC91/ BZYF631,600.0,18.6,850,N,344.0,10,50.0,SiO2,0,38,0,0,nan,36,0,,0,0,0,0,0,180,0
Ba0.82067Co0.03308Fe0.03515Y0.13517Zr0.79659O3,01230,40,4,7,4.1774144,0.12317,0.43832701,,,3056.6196,,,14.200819000000001,30.220148,,,29.389999,6.650000099999999,0.8899959499218881,2.149990216103437,1.4899932195321497,137.32637507294734,1.3508870000000002,1.5718885000000002,0.8810260416666666,88.5979917451,0.8206737345985725,0.6588233878347249,1.3677752691131952,1.6912022449568906,1.5499942195985759,6_Mar_2017,Pulsed Laser Deposition,BZC91/ BZYF631,600.0,18.6,850,N,344.0,10,50.0,SiO2,0,38,0,0,nan,36,0,,0,0,0,0,0,180,0
Ba0.82344Co0.0315Fe0.0399Y0.14608Zr0.78251O3,01230,41,4,8,4.1804767,0.12147000000000001,0.44579464,,0.65594798,2618.655,,358.28571,12.281075999999999,30.197487,,43.225971,33.386009,6.650000099999999,0.8899958789416067,2.1499900446342184,1.4899931006999934,137.32636412068993,1.3511929,1.5742195,0.88309905,88.45566995050001,0.8234438128764454,0.6586741825993955,1.3657498491374414,1.6872321408340247,1.5524879772832885,6_Mar_2017,Pulsed Laser Deposition,BZC91/ BZYF631,600.0,18.6,850,N,344.0,10,50.0,SiO2,0,38,0,0,nan,36,0,,0,0,0,0,0,180,0
Ba0.81927Co0.02909Fe0.04123Y0.1582Zr0.77149O3,01230,42,4,9,4.1806884,0.11855999999999998,0.44027063,,,3006.5083,,,14.068546,30.195919,,,37.384009999999996,6.650000099999999,0.8900013594771019,2.1500032841300776,1.490002275978519,137.32720976731682,1.3492258000000001,1.577563,0.8855087916666666,88.46016522255,0.8192687485650517,0.6596385567761169,1.3628636600440538,1.6826510250384987,1.5524186442770713,6_Mar_2017,Pulsed Laser Deposition,BZC91/ BZYF631,600.0,18.6,850,N,344.0,10,50.0,SiO2,0,38,0,0,nan,36,0,,0,0,0,0,0,180,0
Ba0.81967Co0.02558Fe0.05181Y0.158Zr0.7646O3,01230,43,4,10,4.1837034,0.11325999999999999,0.48773307,,,2607.1892,,,13.700595999999999,30.173640999999996,,,41.381989000000004,6.650000099999999,0.8900053672142768,2.150012965742354,1.4900089855609802,137.3278281611629,1.3525806999999999,1.576597,0.8856979916666665,88.19783527809999,0.8196650569460721,0.6580053724071894,1.3637048438772583,1.682299157929836,1.5570430694602564,6_Mar_2017,Pulsed Laser Deposition,BZC91/ BZYF631,600.0,18.6,850,N,344.0,10,50.0,SiO2,0,38,0,0,nan,36,0,,0,0,0,0,0,180,0
Ba0.80483Co0.02435Fe0.06672Y0.17003Zr0.7389O3,01230,44,4,11,4.1865845,0.1075,0.54204637,0.49970537,,2181.0378,390.53864,,12.429761,30.152384,37.141083,,45.381989000000004,6.650000099999999,0.8899979494436655,2.149995046408855,1.4899965670461366,137.3266835991576,1.3580492,1.5776295,0.8878729166666666,87.68307697375,0.8048318543292776,0.6553502991229372,1.362800991239613,1.6781642271959567,1.5661709002327733,6_Mar_2017,Pulsed Laser Deposition,BZC91/ BZYF631,600.0,18.6,850,N,344.0,10,50.0,SiO2,0,38,0,0,nan,36,0,,0,0,0,0,0,180,0
